{"cameraMode":{"drawMode":0,"name":"Shaded","section":"Shading Mode"},"sceneLighting":true,"audioPlay":false,"sceneViewState":{"showFog":true,"showMaterialUpdate":false,"showSkybox":true,"showFlares":true,"showImageEffects":true,"showParticleSystems":true},"in2DMode":false,"pivot":{"x":-2.438241720199585,"y":-0.8741902112960815,"z":-0.8066353797912598},"rotation":{"x":0.15839403867721559,"y":-0.8254580497741699,"z":0.2830396294593811,"w":0.46204307675361636},"size":4.049093723297119,"orthographic":false}